steamid,player_name,is_tracked,weapon_rank,weapon,total_ticks_held,total_shots_fired,total_shots_hit,accuracy_percentage,demos_appeared
76561198155980865,KasaK,True,1,AWP,45930,36,27,75.0,1
76561198155980865,KasaK,True,2,knife,19835,23,0,0.0,1
76561198155980865,KosyaK,True,3,AWP,18244,19,12,63.16,1
76561198155980865,KasaK,True,4,AK-47,13343,103,13,12.62,1
76561198155980865,KasaK,True,5,knife_t,12449,22,0,0.0,1
76561198155980865,KosyaK,True,6,AK-47,12342,96,17,17.71,1
76561198155980865,KasaK,True,7,USP-S,11284,23,0,0.0,1
76561198155980865,KasaK,True,8,Smoke Grenade,10489,11,1,9.09,1
76561198155980865,KosyaK,True,9,High Explosive Grenade,9798,12,8,66.67,2
76561198155980865,KosyaK,True,10,knife,8326,37,0,0.0,2
76561198155980865,KosyaK,True,11,knife_t,7287,20,0,0.0,2
76561198155980865,KosyaK,True,12,M4A4,6896,35,8,22.86,1
76561198155980865,KosyaK,True,13,M4A1-S,6694,42,0,0.0,1
76561198155980865,KosyaK,True,14,USP-S,6477,25,0,0.0,2
76561198155980865,KosyaK,True,15,Glock-18,4163,0,0,0.0,2
76561198155980865,KasaK,True,16,Glock-18,3726,0,0,0.0,1
76561198155980865,KosyaK,True,17,Incendiary Grenade,2537,4,6,150.0,2
76561198155980865,KasaK,True,18,SSG 08,1964,1,1,100.0,1
76561198155980865,KosyaK,True,19,C4 Explosive,1909,0,0,0.0,2
76561198155980865,KosyaK,True,20,Smoke Grenade,1762,5,0,0.0,2
76561198155980865,KasaK,True,21,Flashbang,1626,3,0,0.0,1
76561198155980865,KasaK,True,22,C4 Explosive,1558,0,0,0.0,1
76561198155980865,KasaK,True,23,XM1014,1557,2,6,300.0,1
76561198155980865,KosyaK,True,24,Molotov,1116,2,0,0.0,1
76561198155980865,KosyaK,True,25,Flashbang,938,1,0,0.0,1
76561198155980865,KosyaK,True,26,MP9,845,38,10,26.32,1
76561198155980865,KasaK,True,27,Incendiary Grenade,842,2,5,250.0,1
76561198155980865,KosyaK,True,28,Galil AR,711,3,1,33.33,1
76561198155980865,KosyaK,True,29,Nova,246,1,3,300.0,1
76561198155980865,KosyaK,True,30,MAG-7,170,0,0,0.0,1
76561198155980865,KasaK,True,31,High Explosive Grenade,168,1,0,0.0,1
76561198155980865,KasaK,True,32,Molotov,157,1,0,0.0,1
76561198262157518,arckay.,True,1,AWP,15934,18,8,44.44,1
76561198262157518,arckay.,True,2,USP-S,12859,39,0,0.0,1
76561198262157518,arckay.,True,3,knife,12244,49,0,0.0,1
76561198262157518,arckay.,True,4,AK-47,10195,91,22,24.18,1
76561198262157518,arckay.,True,5,M4A1-S,7932,54,0,0.0,1
76561198262157518,arckay.,True,6,Glock-18,4730,25,8,32.0,1
76561198262157518,arckay.,True,7,knife_t,4347,17,0,0.0,1
76561198262157518,arckay.,True,8,Desert Eagle,3963,12,2,16.67,1
76561198262157518,arckay.,True,9,C4 Explosive,622,0,0,0.0,1
76561198262157518,arckay.,True,10,Flashbang,275,2,0,0.0,1
76561198262157518,arckay.,True,11,High Explosive Grenade,104,1,1,100.0,1
76561198262157518,arckay.,True,12,Zeus x27,33,0,0,0.0,1
76561198816184658,Ms. Ros√©,True,1,AK-47,34788,246,39,15.85,3
76561198816184658,XAOC,True,2,AK-47,21291,59,13,22.03,1
76561198816184658,Ms. Ros√©,True,3,M4A1-S,20592,83,0,0.0,3
76561198816184658,Ms. Ros√©,True,4,knife_t,14918,35,0,0.0,3
76561198816184658,XAOC,True,5,knife,13537,39,0,0.0,1
76561198816184658,Ms. Ros√©,True,6,knife,11421,51,1,1.96,3
76561198816184658,Ms. Ros√©,True,7,P2000,11160,28,9,32.14,3
76561198816184658,XAOC,True,8,M4A1-S,7766,72,0,0.0,1
76561198816184658,Ms. Ros√©,True,9,AWP,6396,5,2,40.0,1
76561198816184658,Ms. Ros√©,True,10,C4 Explosive,5613,0,0,0.0,3
76561198816184658,Ms. Ros√©,True,11,High Explosive Grenade,5521,11,10,90.91,3
76561198816184658,Ms. Ros√©,True,12,Glock-18,4810,12,4,33.33,3
76561198816184658,XAOC,True,13,P2000,4654,18,1,5.56,1
76561198816184658,Ms. Ros√©,True,14,Tec-9,3378,16,4,25.0,2
76561198816184658,Ms. Ros√©,True,15,MP9,2384,30,7,23.33,1
76561198816184658,Ms. Ros√©,True,16,Smoke Grenade,1648,5,0,0.0,2
76561198816184658,XAOC,True,17,Tec-9,1603,11,0,0.0,1
76561198816184658,XAOC,True,18,C4 Explosive,1497,0,0,0.0,1
76561198816184658,Ms. Ros√©,True,19,MP5-SD,896,17,0,0.0,1
76561198816184658,Ms. Ros√©,True,20,Flashbang,890,4,0,0.0,2
76561198816184658,Ms. Ros√©,True,21,USP-S,806,9,0,0.0,2
76561198816184658,XAOC,True,22,High Explosive Grenade,704,1,0,0.0,1
76561198816184658,Ms. Ros√©,True,23,FAMAS,451,0,0,0.0,1
76561198816184658,XAOC,True,24,knife_t,308,3,0,0.0,1
76561198816184658,Ms. Ros√©,True,25,Dual Berettas,289,6,0,0.0,1
76561198816184658,Ms. Ros√©,True,26,SSG 08,287,0,0,0.0,1
76561198816184658,XAOC,True,27,Flashbang,94,1,0,0.0,1
76561198962223770,–ø–∞—Ü–∞–Ω,True,1,AK-47,24521,236,52,22.03,1
76561198962223770,–ø–∞—Ü–∞–Ω,True,2,Flashbang,9641,16,0,0.0,1
76561198962223770,–ø–∞—Ü–∞–Ω,True,3,knife_t,9288,4,0,0.0,1
76561198962223770,–ø–∞—Ü–∞–Ω,True,4,MP9,5783,70,8,11.43,1
76561198962223770,–ø–∞—Ü–∞–Ω,True,5,Glock-18,5661,16,3,18.75,1
76561198962223770,–ø–∞—Ü–∞–Ω,True,6,USP-S,5586,35,0,0.0,1
76561198962223770,–ø–∞—Ü–∞–Ω,True,7,M4A1-S,2728,34,0,0.0,1
76561198962223770,–ø–∞—Ü–∞–Ω,True,8,knife,2469,2,0,0.0,1
76561198962223770,–ø–∞—Ü–∞–Ω,True,9,High Explosive Grenade,1969,7,5,71.43,1
76561198962223770,–ø–∞—Ü–∞–Ω,True,10,Smoke Grenade,1812,6,0,0.0,1
76561198962223770,–ø–∞—Ü–∞–Ω,True,11,Desert Eagle,1775,8,1,12.5,1
76561198962223770,–ø–∞—Ü–∞–Ω,True,12,C4 Explosive,1721,0,0,0.0,1
76561198962223770,–ø–∞—Ü–∞–Ω,True,13,AWP,1111,2,1,50.0,1
76561198962223770,–ø–∞—Ü–∞–Ω,True,14,Molotov,686,6,1,16.67,1
76561198962223770,–ø–∞—Ü–∞–Ω,True,15,Incendiary Grenade,158,1,3,300.0,1
76561198118140502,Clark Kent,False,1,M4A4,6206,55,9,16.36,1
76561198118140502,Clark Kent,False,2,knife,5107,0,0,0.0,1
76561198118140502,Clark Kent,False,3,Desert Eagle,4115,9,3,33.33,1
76561198118140502,Clark Kent,False,4,XM1014,3253,9,9,100.0,1
76561198118140502,Clark Kent,False,5,USP-S,3039,0,0,0.0,1
76561198118140502,Clark Kent,False,6,M4A1-S,3010,3,0,0.0,1
76561198118140502,Clark Kent,False,7,AK-47,2617,45,4,8.89,1
76561198118140502,Clark Kent,False,8,SSG 08,2384,7,0,0.0,1
76561198118140502,Clark Kent,False,9,Nova,2167,5,8,160.0,1
76561198118140502,Clark Kent,False,10,knife_t,2163,0,0,0.0,1
76561198118140502,Clark Kent,False,11,High Explosive Grenade,1645,4,2,50.0,1
76561198118140502,Clark Kent,False,12,Glock-18,1609,1,0,0.0,1
76561198118140502,Clark Kent,False,13,C4 Explosive,1578,0,0,0.0,1
76561198118140502,Clark Kent,False,14,Five-SeveN,1109,0,0,0.0,1
76561198118140502,Clark Kent,False,15,AWP,764,0,0,0.0,1
76561198118140502,Clark Kent,False,16,Incendiary Grenade,492,3,0,0.0,1
76561198118140502,Clark Kent,False,17,Smoke Grenade,404,2,0,0.0,1
76561198118140502,Clark Kent,False,18,Flashbang,267,1,0,0.0,1
76561198118140502,Clark Kent,False,19,P250,10,0,0,0.0,1
76561198118140502,Clark Kent,False,20,Molotov,3,0,0,0.0,1
76561198134980639,b4zhuk0ff,False,1,Desert Eagle,12649,39,9,23.08,1
76561198134980639,b4zhuk0ff,False,2,M4A1-S,8468,74,0,0.0,1
76561198134980639,b4zhuk0ff,False,3,USP-S,6320,15,0,0.0,1
76561198134980639,b4zhuk0ff,False,4,knife,5726,8,0,0.0,1
76561198134980639,b4zhuk0ff,False,5,High Explosive Grenade,5325,8,4,50.0,1
76561198134980639,b4zhuk0ff,False,6,Flashbang,5024,4,0,0.0,1
76561198134980639,b4zhuk0ff,False,7,AK-47,2793,50,7,14.0,1
76561198134980639,b4zhuk0ff,False,8,knife_t,2458,1,0,0.0,1
76561198134980639,b4zhuk0ff,False,9,SSG 08,2327,2,0,0.0,1
76561198134980639,b4zhuk0ff,False,10,Glock-18,2276,9,3,33.33,1
76561198134980639,b4zhuk0ff,False,11,AWP,1955,1,0,0.0,1
76561198134980639,b4zhuk0ff,False,12,Smoke Grenade,1548,3,0,0.0,1
76561198134980639,b4zhuk0ff,False,13,Molotov,597,1,0,0.0,1
76561198134980639,b4zhuk0ff,False,14,C4 Explosive,323,0,0,0.0,1
76561198134980639,b4zhuk0ff,False,15,Incendiary Grenade,258,0,0,0.0,1
76561198134980639,b4zhuk0ff,False,16,FAMAS,64,0,0,0.0,1
76561198145044194,deko337,False,1,knife,17488,22,0,0.0,1
76561198145044194,deko337,False,2,SSG 08,12198,27,3,11.11,1
76561198145044194,deko337,False,3,knife_t,12124,9,0,0.0,1
76561198145044194,deko337,False,4,AK-47,8901,58,6,10.34,1
76561198145044194,deko337,False,5,M4A1-S,8155,47,0,0.0,1
76561198145044194,deko337,False,6,Flashbang,7697,14,0,0.0,1
76561198145044194,deko337,False,7,USP-S,7173,10,0,0.0,1
76561198145044194,deko337,False,8,Smoke Grenade,7159,6,0,0.0,1
76561198145044194,deko337,False,9,Desert Eagle,7072,14,1,7.14,1
76561198145044194,deko337,False,10,MP9,6854,17,2,11.76,1
76561198145044194,deko337,False,11,Glock-18,4053,4,0,0.0,1
76561198145044194,deko337,False,12,MAC-10,3672,15,1,6.67,1
76561198145044194,deko337,False,13,C4 Explosive,2003,0,0,0.0,1
76561198145044194,deko337,False,14,High Explosive Grenade,1721,7,3,42.86,1
76561198145044194,deko337,False,15,Tec-9,1279,8,1,12.5,1
76561198145044194,deko337,False,16,M4A4,1107,0,9,0.0,1
76561198145044194,deko337,False,17,Incendiary Grenade,1014,1,0,0.0,1
76561198145044194,deko337,False,18,Galil AR,641,3,0,0.0,1
76561198145044194,deko337,False,19,Decoy Grenade,342,0,0,0.0,1
76561198145044194,deko337,False,20,Molotov,334,2,0,0.0,1
76561198145044194,deko337,False,21,AWP,8,0,0,0.0,1
76561198153414985,Andr3wb0y,False,1,AK-47,8064,41,9,21.95,1
76561198153414985,Andr3wb0y,False,2,Five-SeveN,5891,16,1,6.25,1
76561198153414985,Andr3wb0y,False,3,M4A1-S,5671,34,0,0.0,1
76561198153414985,Andr3wb0y,False,4,knife,5570,0,0,0.0,1
76561198153414985,Andr3wb0y,False,5,USP-S,4209,2,0,0.0,1
76561198153414985,Andr3wb0y,False,6,knife_t,4047,0,0,0.0,1
76561198153414985,Andr3wb0y,False,7,UMP-45,2046,19,6,31.58,1
76561198153414985,Andr3wb0y,False,8,Tec-9,1813,1,0,0.0,1
76561198153414985,Andr3wb0y,False,9,Glock-18,1777,11,1,9.09,1
76561198153414985,Andr3wb0y,False,10,P250,1693,17,3,17.65,1
76561198153414985,Andr3wb0y,False,11,High Explosive Grenade,723,1,1,100.0,1
76561198153414985,Andr3wb0y,False,12,C4 Explosive,697,0,0,0.0,1
76561198153414985,Andr3wb0y,False,13,Galil AR,565,3,2,66.67,1
76561198153414985,Andr3wb0y,False,14,Incendiary Grenade,238,2,8,400.0,1
76561198153414985,Andr3wb0y,False,15,Smoke Grenade,117,1,0,0.0,1
76561198153414985,Andr3wb0y,False,16,Flashbang,43,0,0,0.0,1
76561198159213498,crystal bleed,False,1,USP-S,7260,29,0,0.0,1
76561198159213498,crystal bleed,False,2,AWP,5060,3,1,33.33,1
76561198159213498,crystal bleed,False,3,AK-47,3330,11,1,9.09,1
76561198159213498,crystal bleed,False,4,MAC-10,3191,56,3,5.36,1
76561198159213498,crystal bleed,False,5,knife,1577,0,0,0.0,1
76561198159213498,crystal bleed,False,6,C4 Explosive,1268,0,0,0.0,1
76561198159213498,crystal bleed,False,7,Glock-18,1256,2,1,50.0,1
76561198159213498,crystal bleed,False,8,Smoke Grenade,1140,4,0,0.0,1
76561198159213498,crystal bleed,False,9,knife_t,695,1,0,0.0,1
76561198159213498,crystal bleed,False,10,XM1014,626,4,7,175.0,1
76561198159213498,crystal bleed,False,11,M4A1-S,603,2,0,0.0,1
76561198159213498,crystal bleed,False,12,High Explosive Grenade,510,2,2,100.0,1
76561198159213498,crystal bleed,False,13,SCAR-20,428,0,0,0.0,1
76561198159213498,crystal bleed,False,14,Flashbang,158,1,0,0.0,1
76561198159213498,crystal bleed,False,15,Decoy Grenade,156,1,0,0.0,1
76561198159213498,crystal bleed,False,16,Incendiary Grenade,127,1,4,400.0,1
76561198312337846,UZMAN √áAVU≈û VAR MI ?,False,1,USP-S,8981,10,0,0.0,1
76561198312337846,UZMAN √áAVU≈û VAR MI ?,False,2,SSG 08,8953,15,8,53.33,1
76561198312337846,UZMAN √áAVU≈û VAR MI ?,False,3,knife,6017,4,1,25.0,1
76561198312337846,UZMAN √áAVU≈û VAR MI ?,False,4,M4A1-S,4198,17,0,0.0,1
76561198312337846,UZMAN √áAVU≈û VAR MI ?,False,5,AWP,3621,4,1,25.0,1
76561198312337846,UZMAN √áAVU≈û VAR MI ?,False,6,knife_t,2828,4,0,0.0,1
76561198312337846,UZMAN √áAVU≈û VAR MI ?,False,7,Desert Eagle,2709,3,0,0.0,1
76561198312337846,UZMAN √áAVU≈û VAR MI ?,False,8,AK-47,2573,16,8,50.0,1
76561198312337846,UZMAN √áAVU≈û VAR MI ?,False,9,Flashbang,2301,6,0,0.0,1
76561198312337846,UZMAN √áAVU≈û VAR MI ?,False,10,MAG-7,1756,3,5,166.67,1
76561198312337846,UZMAN √áAVU≈û VAR MI ?,False,11,C4 Explosive,1500,0,0,0.0,1
76561198312337846,UZMAN √áAVU≈û VAR MI ?,False,12,Glock-18,1488,6,2,33.33,1
76561198312337846,UZMAN √áAVU≈û VAR MI ?,False,13,XM1014,1035,1,6,600.0,1
76561198312337846,UZMAN √áAVU≈û VAR MI ?,False,14,Incendiary Grenade,816,1,2,200.0,1
76561198312337846,UZMAN √áAVU≈û VAR MI ?,False,15,P90,411,0,0,0.0,1
76561198312337846,UZMAN √áAVU≈û VAR MI ?,False,16,High Explosive Grenade,116,0,0,0.0,1
76561198312337846,UZMAN √áAVU≈û VAR MI ?,False,17,Smoke Grenade,39,0,0,0.0,1
76561198404111381,iconic,False,1,Flip Knife,18979,0,0,0.0,1
76561198404111381,iconic,False,2,AK-47,14515,127,30,23.62,1
76561198404111381,iconic,False,3,USP-S,8583,7,0,0.0,1
76561198404111381,iconic,False,4,M4A1-S,6144,50,0,0.0,1
76561198404111381,iconic,False,5,AWP,5814,4,2,50.0,1
76561198404111381,iconic,False,6,Smoke Grenade,4051,9,0,0.0,1
76561198404111381,iconic,False,7,Glock-18,3136,4,3,75.0,1
76561198404111381,iconic,False,8,High Explosive Grenade,2783,8,5,62.5,1
76561198404111381,iconic,False,9,Desert Eagle,2696,13,4,30.77,1
76561198404111381,iconic,False,10,Flashbang,2585,12,0,0.0,1
76561198404111381,iconic,False,11,Negev,1150,127,4,3.15,1
76561198404111381,iconic,False,12,Incendiary Grenade,488,5,0,0.0,1
76561198404111381,iconic,False,13,Zeus x27,272,0,0,0.0,1
76561198404111381,iconic,False,14,Molotov,180,1,0,0.0,1
76561198404111381,iconic,False,15,C4 Explosive,84,0,0,0.0,1
76561198404111381,iconic,False,16,PP-Bizon,39,0,0,0.0,1
76561198425450279,–°–∞–ª—Ñ–µ—Ç–∫–∞.,False,1,Kukri Knife,33653,11,0,0.0,1
76561198425450279,–°–∞–ª—Ñ–µ—Ç–∫–∞.,False,2,AK-47,17398,77,12,15.58,1
76561198425450279,–°–∞–ª—Ñ–µ—Ç–∫–∞.,False,3,M4A1-S,17150,44,0,0.0,1
76561198425450279,–°–∞–ª—Ñ–µ—Ç–∫–∞.,False,4,Desert Eagle,14718,13,4,30.77,1
76561198425450279,–°–∞–ª—Ñ–µ—Ç–∫–∞.,False,5,USP-S,10728,7,0,0.0,1
76561198425450279,–°–∞–ª—Ñ–µ—Ç–∫–∞.,False,6,AWP,9968,8,2,25.0,1
76561198425450279,–°–∞–ª—Ñ–µ—Ç–∫–∞.,False,7,Glock-18,4775,0,0,0.0,1
76561198425450279,–°–∞–ª—Ñ–µ—Ç–∫–∞.,False,8,Flashbang,3499,20,0,0.0,1
76561198425450279,–°–∞–ª—Ñ–µ—Ç–∫–∞.,False,9,C4 Explosive,1416,0,0,0.0,1
76561198425450279,–°–∞–ª—Ñ–µ—Ç–∫–∞.,False,10,Smoke Grenade,1358,7,0,0.0,1
76561198425450279,–°–∞–ª—Ñ–µ—Ç–∫–∞.,False,11,SSG 08,1282,3,0,0.0,1
76561198425450279,–°–∞–ª—Ñ–µ—Ç–∫–∞.,False,12,Incendiary Grenade,886,5,0,0.0,1
76561198425450279,–°–∞–ª—Ñ–µ—Ç–∫–∞.,False,13,High Explosive Grenade,815,5,4,80.0,1
76561198425450279,–°–∞–ª—Ñ–µ—Ç–∫–∞.,False,14,M4A4,526,8,10,125.0,1
76561198425450279,–°–∞–ª—Ñ–µ—Ç–∫–∞.,False,15,Tec-9,386,3,0,0.0,1
76561198425450279,–°–∞–ª—Ñ–µ—Ç–∫–∞.,False,16,Molotov,188,2,0,0.0,1
76561198425450279,–°–∞–ª—Ñ–µ—Ç–∫–∞.,False,17,P250,160,0,0,0.0,1
76561198425450279,–°–∞–ª—Ñ–µ—Ç–∫–∞.,False,18,Five-SeveN,46,0,0,0.0,1
76561198425450279,–°–∞–ª—Ñ–µ—Ç–∫–∞.,False,19,Zeus x27,18,0,0,0.0,1
76561198442806457,Angeloflion,False,1,USP-S,9778,5,0,0.0,1
76561198442806457,Angeloflion,False,2,MP9,6443,19,4,21.05,1
76561198442806457,Angeloflion,False,3,M4A1-S,5394,59,0,0.0,1
76561198442806457,Angeloflion,False,4,Glock-18,4848,27,8,29.63,1
76561198442806457,Angeloflion,False,5,knife,4658,1,0,0.0,1
76561198442806457,Angeloflion,False,6,Smoke Grenade,4267,7,0,0.0,1
76561198442806457,Angeloflion,False,7,Flashbang,3140,11,0,0.0,1
76561198442806457,Angeloflion,False,8,P90,2405,32,4,12.5,1
76561198442806457,Angeloflion,False,9,MAC-10,2139,9,3,33.33,1
76561198442806457,Angeloflion,False,10,Desert Eagle,1865,1,0,0.0,1
76561198442806457,Angeloflion,False,11,knife_t,1488,0,0,0.0,1
76561198442806457,Angeloflion,False,12,Incendiary Grenade,813,3,6,200.0,1
76561198442806457,Angeloflion,False,13,XM1014,793,0,0,0.0,1
76561198442806457,Angeloflion,False,14,AK-47,502,0,0,0.0,1
76561198442806457,Angeloflion,False,15,Molotov,414,1,0,0.0,1
76561198442806457,Angeloflion,False,16,C4 Explosive,108,0,0,0.0,1
76561198442806457,Angeloflion,False,17,AWP,42,0,0,0.0,1
76561198771598720,THEGOON,False,1,AK-47,10721,106,5,4.72,1
76561198771598720,THEGOON,False,2,knife_t,10082,3,0,0.0,1
76561198771598720,THEGOON,False,3,USP-S,5788,22,0,0.0,1
76561198771598720,THEGOON,False,4,MAC-10,4721,55,11,20.0,1
76561198771598720,THEGOON,False,5,SSG 08,4682,7,2,28.57,1
76561198771598720,THEGOON,False,6,knife,4444,3,0,0.0,1
76561198771598720,THEGOON,False,7,Glock-18,2897,0,0,0.0,1
76561198771598720,THEGOON,False,8,Desert Eagle,2784,7,2,28.57,1
76561198771598720,THEGOON,False,9,AWP,2434,4,1,25.0,1
76561198771598720,THEGOON,False,10,Flashbang,1957,9,0,0.0,1
76561198771598720,THEGOON,False,11,M4A1-S,1626,12,0,0.0,1
76561198771598720,THEGOON,False,12,C4 Explosive,1183,0,0,0.0,1
76561198771598720,THEGOON,False,13,MP5-SD,1046,1,0,0.0,1
76561198771598720,THEGOON,False,14,FAMAS,825,6,1,16.67,1
76561198771598720,THEGOON,False,15,Tec-9,490,0,0,0.0,1
76561198771598720,THEGOON,False,16,MP9,386,24,1,4.17,1
76561198771598720,THEGOON,False,17,High Explosive Grenade,307,1,1,100.0,1
76561198771598720,THEGOON,False,18,Smoke Grenade,270,1,0,0.0,1
76561198771598720,THEGOON,False,19,P90,73,0,0,0.0,1
76561198773187508,Mh00,False,1,AK-47,28530,222,48,21.62,1
76561198773187508,Mh00,False,2,Desert Eagle,7627,12,4,33.33,1
76561198773187508,Mh00,False,3,Glock-18,6605,12,8,66.67,1
76561198773187508,Mh00,False,4,USP-S,6529,15,0,0.0,1
76561198773187508,Mh00,False,5,M4A1-S,6131,16,0,0.0,1
76561198773187508,Mh00,False,6,knife_t,5522,4,0,0.0,1
76561198773187508,Mh00,False,7,C4 Explosive,2522,0,0,0.0,1
76561198773187508,Mh00,False,8,knife,2485,1,0,0.0,1
76561198773187508,Mh00,False,9,Flashbang,1686,5,0,0.0,1
76561198773187508,Mh00,False,10,High Explosive Grenade,1464,4,2,50.0,1
76561198773187508,Mh00,False,11,MP9,1104,13,4,30.77,1
76561198773187508,Mh00,False,12,Tec-9,492,0,0,0.0,1
76561198773187508,Mh00,False,13,Molotov,122,0,0,0.0,1
76561198773187508,Mh00,False,14,Smoke Grenade,92,0,0,0.0,1
76561198840489982,Sorensen11111,False,1,AK-47,23086,77,12,15.58,1
76561198840489982,Sorensen11111,False,2,M4A1-S,11035,81,0,0.0,1
76561198840489982,Sorensen11111,False,3,knife_t,9728,19,0,0.0,1
76561198840489982,Sorensen11111,False,4,Glock-18,8358,21,6,28.57,1
76561198840489982,Sorensen11111,False,5,knife,5749,9,0,0.0,1
76561198840489982,Sorensen11111,False,6,USP-S,5195,5,0,0.0,1
76561198840489982,Sorensen11111,False,7,AWP,4063,1,0,0.0,1
76561198840489982,Sorensen11111,False,8,Smoke Grenade,2775,5,0,0.0,1
76561198840489982,Sorensen11111,False,9,C4 Explosive,1678,0,0,0.0,1
76561198840489982,Sorensen11111,False,10,Flashbang,1503,4,0,0.0,1
76561198840489982,Sorensen11111,False,11,SSG 08,966,4,1,25.0,1
76561198840489982,Sorensen11111,False,12,High Explosive Grenade,675,4,1,25.0,1
76561198840489982,Sorensen11111,False,13,Molotov,323,1,0,0.0,1
76561198840489982,Sorensen11111,False,14,Incendiary Grenade,124,0,8,0.0,1
76561198840489982,Sorensen11111,False,15,R8 Revolver,89,0,0,0.0,1
76561198852752530,Nyxzenn,False,1,knife,14921,46,0,0.0,1
76561198852752530,Nyxzenn,False,2,M4A1-S,11247,38,0,0.0,1
76561198852752530,Nyxzenn,False,3,USP-S,6487,11,0,0.0,1
76561198852752530,Nyxzenn,False,4,knife_t,4665,24,0,0.0,1
76561198852752530,Nyxzenn,False,5,Desert Eagle,4539,15,4,26.67,1
76561198852752530,Nyxzenn,False,6,MP9,2896,65,6,9.23,1
76561198852752530,Nyxzenn,False,7,XM1014,2768,1,0,0.0,1
76561198852752530,Nyxzenn,False,8,AWP,2191,0,0,0.0,1
76561198852752530,Nyxzenn,False,9,AK-47,1466,22,1,4.55,1
76561198852752530,Nyxzenn,False,10,Glock-18,1128,2,0,0.0,1
76561198852752530,Nyxzenn,False,11,High Explosive Grenade,331,2,1,50.0,1
76561198852752530,Nyxzenn,False,12,C4 Explosive,242,0,0,0.0,1
76561198852752530,Nyxzenn,False,13,Flashbang,232,2,0,0.0,1
76561198852752530,Nyxzenn,False,14,AUG,159,0,0,0.0,1
76561198852752530,Nyxzenn,False,15,P90,11,0,0,0.0,1
76561198883863545,SwAg,False,1,Bowie Knife,25397,0,0,0.0,1
76561198883863545,SwAg,False,2,AK-47,14088,121,28,23.14,1
76561198883863545,SwAg,False,3,AWP,9336,7,5,71.43,1
76561198883863545,SwAg,False,4,USP-S,8461,13,0,0.0,1
76561198883863545,SwAg,False,5,SSG 08,6662,6,2,33.33,1
76561198883863545,SwAg,False,6,M4A4,5112,19,10,52.63,1
76561198883863545,SwAg,False,7,Glock-18,4191,19,0,0.0,1
76561198883863545,SwAg,False,8,Desert Eagle,1509,4,1,25.0,1
76561198883863545,SwAg,False,9,M4A1-S,1175,20,0,0.0,1
76561198883863545,SwAg,False,10,High Explosive Grenade,1001,1,0,0.0,1
76561198883863545,SwAg,False,11,C4 Explosive,240,0,0,0.0,1
76561198883863545,SwAg,False,12,Flashbang,6,0,0,0.0,1
76561198883863545,SwAg,False,13,Smoke Grenade,3,0,0,0.0,1
76561198883863545,SwAg,False,14,Incendiary Grenade,1,0,0,0.0,1
76561198886619182,Robert_02CS2-CASES.COMSKINS,False,1,C4 Explosive,14022,0,0,0.0,1
76561198886619182,Robert_02CS2-CASES.COMSKINS,False,2,AK-47,6075,64,9,14.06,1
76561198886619182,Robert_02CS2-CASES.COMSKINS,False,3,Galil AR,5862,45,6,13.33,1
76561198886619182,Robert_02CS2-CASES.COMSKINS,False,4,Glock-18,3371,6,2,33.33,1
76561198886619182,Robert_02CS2-CASES.COMSKINS,False,5,knife_t,3366,0,0,0.0,1
76561198886619182,Robert_02CS2-CASES.COMSKINS,False,6,Desert Eagle,3322,8,3,37.5,1
76561198886619182,Robert_02CS2-CASES.COMSKINS,False,7,USP-S,2542,1,0,0.0,1
76561198886619182,Robert_02CS2-CASES.COMSKINS,False,8,knife,834,0,0,0.0,1
76561198886619182,Robert_02CS2-CASES.COMSKINS,False,9,MAC-10,415,0,0,0.0,1
76561198886619182,Robert_02CS2-CASES.COMSKINS,False,10,High Explosive Grenade,280,1,0,0.0,1
76561198886619182,Robert_02CS2-CASES.COMSKINS,False,11,Flashbang,172,1,0,0.0,1
76561198886619182,Robert_02CS2-CASES.COMSKINS,False,12,Smoke Grenade,50,0,0,0.0,1
76561198890509405,–ò–ª—å—è –ú–∏—Ö–∞–ª—ã—á,False,1,AK-47,14400,61,19,31.15,1
76561198890509405,–ò–ª—å—è –ú–∏—Ö–∞–ª—ã—á,False,2,M4A1-S,6336,58,0,0.0,1
76561198890509405,–ò–ª—å—è –ú–∏—Ö–∞–ª—ã—á,False,3,Desert Eagle,5941,23,2,8.7,1
76561198890509405,–ò–ª—å—è –ú–∏—Ö–∞–ª—ã—á,False,4,USP-S,5031,21,0,0.0,1
76561198890509405,–ò–ª—å—è –ú–∏—Ö–∞–ª—ã—á,False,5,MP9,3780,12,6,50.0,1
76561198890509405,–ò–ª—å—è –ú–∏—Ö–∞–ª—ã—á,False,6,High Explosive Grenade,3754,9,3,33.33,1
76561198890509405,–ò–ª—å—è –ú–∏—Ö–∞–ª—ã—á,False,7,knife_t,2501,9,0,0.0,1
76561198890509405,–ò–ª—å—è –ú–∏—Ö–∞–ª—ã—á,False,8,P250,2477,7,0,0.0,1
76561198890509405,–ò–ª—å—è –ú–∏—Ö–∞–ª—ã—á,False,9,knife,2345,3,0,0.0,1
76561198890509405,–ò–ª—å—è –ú–∏—Ö–∞–ª—ã—á,False,10,Smoke Grenade,2140,6,0,0.0,1
76561198890509405,–ò–ª—å—è –ú–∏—Ö–∞–ª—ã—á,False,11,Glock-18,1060,0,0,0.0,1
76561198890509405,–ò–ª—å—è –ú–∏—Ö–∞–ª—ã—á,False,12,Flashbang,1002,4,1,25.0,1
76561198890509405,–ò–ª—å—è –ú–∏—Ö–∞–ª—ã—á,False,13,C4 Explosive,601,0,0,0.0,1
76561198890509405,–ò–ª—å—è –ú–∏—Ö–∞–ª—ã—á,False,14,Molotov,374,1,0,0.0,1
76561198908924538,mrlolua19,False,1,AK-47,87974,556,94,16.91,9
76561198908924538,mrlolua19,False,2,knife_t,52562,67,0,0.0,9
76561198908924538,mrlolua19,False,3,Desert Eagle,47004,91,11,12.09,9
76561198908924538,mrlolua19,False,4,USP-S,46648,63,0,0.0,9
76561198908924538,mrlolua19,False,5,knife,45741,60,2,3.33,9
76561198908924538,mrlolua19,False,6,AWP,42750,60,19,31.67,7
76561198908924538,mrlolua19,False,7,Glock-18,34574,101,15,14.85,9
76561198908924538,mrlolua19,False,8,M4A1-S,31957,167,0,0.0,6
76561198908924538,mrlolua19,False,9,MAG-7,22047,30,25,83.33,6
76561198908924538,mrlolua19,False,10,MP9,20689,276,48,17.39,8
76561198908924538,mrlolua19,False,11,Flashbang,19318,48,2,4.17,9
76561198908924538,mrlolua19,False,12,Smoke Grenade,14891,37,2,5.41,9
76561198908924538,mrlolua19,False,13,C4 Explosive,14205,0,0,0.0,9
76561198908924538,mrlolua19,False,14,SSG 08,11561,24,4,16.67,2
76561198908924538,mrlolua19,False,15,Galil AR,9805,163,8,4.91,2
76561198908924538,mrlolua19,False,16,FAMAS,6543,88,10,11.36,3
76561198908924538,mrlolua19,False,17,P250,5787,12,0,0.0,4
76561198908924538,mrlolua19,False,18,High Explosive Grenade,5024,25,19,76.0,8
76561198908924538,mrlolua19,False,19,Incendiary Grenade,4580,8,13,162.5,6
76561198908924538,mrlolua19,False,20,Tec-9,2051,8,1,12.5,1
76561198908924538,mrlolua19,False,21,MAC-10,1532,55,13,23.64,2
76561198908924538,mrlolua19,False,22,Molotov,405,1,1,100.0,2
76561198908924538,mrlolua19,False,23,UMP-45,263,1,0,0.0,1
76561198908924538,mrlolua19,False,24,XM1014,203,0,0,0.0,1
76561198908924538,mrlolua19,False,25,R8 Revolver,156,0,0,0.0,1
76561198908924538,mrlolua19,False,26,Nova,75,0,0,0.0,1
76561198908924538,mrlolua19,False,27,Zeus x27,66,0,0,0.0,1
76561198914580994,kadobaba1,False,1,knife_t,16430,21,0,0.0,1
76561198914580994,kadobaba1,False,2,AWP,11533,14,5,35.71,1
76561198914580994,kadobaba1,False,3,AK-47,7927,65,23,35.38,1
76561198914580994,kadobaba1,False,4,knife,6890,8,1,12.5,1
76561198914580994,kadobaba1,False,5,M4A1-S,5041,22,0,0.0,1
76561198914580994,kadobaba1,False,6,USP-S,4260,22,0,0.0,1
76561198914580994,kadobaba1,False,7,Glock-18,2436,7,2,28.57,1
76561198914580994,kadobaba1,False,8,C4 Explosive,2066,0,0,0.0,1
76561198914580994,kadobaba1,False,9,High Explosive Grenade,1376,6,6,100.0,1
76561198914580994,kadobaba1,False,10,Desert Eagle,1247,2,0,0.0,1
76561198914580994,kadobaba1,False,11,Molotov,1059,6,0,0.0,1
76561198914580994,kadobaba1,False,12,Flashbang,845,3,0,0.0,1
76561198914580994,kadobaba1,False,13,Smoke Grenade,803,5,0,0.0,1
76561198914580994,kadobaba1,False,14,Zeus x27,481,0,0,0.0,1
76561198914580994,kadobaba1,False,15,Incendiary Grenade,420,2,16,800.0,1
76561198926062412,N4_–°H0–°9X/VEGAN,False,1,AWP,18037,16,2,12.5,1
76561198926062412,N4_–°H0–°9X/VEGAN,False,2,AK-47,8569,103,12,11.65,1
76561198926062412,N4_–°H0–°9X/VEGAN,False,3,knife_t,7620,25,0,0.0,1
76561198926062412,N4_–°H0–°9X/VEGAN,False,4,Flashbang,6321,18,0,0.0,1
76561198926062412,N4_–°H0–°9X/VEGAN,False,5,FAMAS,5032,56,7,12.5,1
76561198926062412,N4_–°H0–°9X/VEGAN,False,6,Glock-18,5030,16,1,6.25,1
76561198926062412,N4_–°H0–°9X/VEGAN,False,7,knife,3725,6,1,16.67,1
76561198926062412,N4_–°H0–°9X/VEGAN,False,8,M4A1-S,2597,33,0,0.0,1
76561198926062412,N4_–°H0–°9X/VEGAN,False,9,P250,2071,15,1,6.67,1
76561198926062412,N4_–°H0–°9X/VEGAN,False,10,USP-S,1881,2,0,0.0,1
76561198926062412,N4_–°H0–°9X/VEGAN,False,11,Smoke Grenade,1642,6,0,0.0,1
76561198926062412,N4_–°H0–°9X/VEGAN,False,12,C4 Explosive,1228,0,0,0.0,1
76561198926062412,N4_–°H0–°9X/VEGAN,False,13,High Explosive Grenade,256,0,0,0.0,1
76561198926062412,N4_–°H0–°9X/VEGAN,False,14,Molotov,235,2,0,0.0,1
76561198926062412,N4_–°H0–°9X/VEGAN,False,15,Desert Eagle,45,0,0,0.0,1
76561198968930291,fantik,False,1,M4A1-S,9717,103,0,0.0,1
76561198968930291,fantik,False,2,AK-47,8634,48,4,8.33,1
76561198968930291,fantik,False,3,Five-SeveN,5473,3,0,0.0,1
76561198968930291,fantik,False,4,knife_t,4696,7,0,0.0,1
76561198968930291,fantik,False,5,USP-S,4413,21,0,0.0,1
76561198968930291,fantik,False,6,C4 Explosive,3685,0,0,0.0,1
76561198968930291,fantik,False,7,Glock-18,3435,11,3,27.27,1
76561198968930291,fantik,False,8,FAMAS,2825,12,2,16.67,1
76561198968930291,fantik,False,9,knife,2802,2,0,0.0,1
76561198968930291,fantik,False,10,MP9,2126,7,0,0.0,1
76561198968930291,fantik,False,11,MAC-10,1475,18,4,22.22,1
76561198968930291,fantik,False,12,Smoke Grenade,1251,7,0,0.0,1
76561198968930291,fantik,False,13,Tec-9,1143,6,0,0.0,1
76561198968930291,fantik,False,14,High Explosive Grenade,677,3,1,33.33,1
76561198968930291,fantik,False,15,Molotov,639,1,1,100.0,1
76561198968930291,fantik,False,16,Flashbang,519,2,0,0.0,1
76561198968930291,fantik,False,17,Incendiary Grenade,442,2,0,0.0,1
76561198971899095,Lineechka_15cm,False,1,knife,13057,9,0,0.0,1
76561198971899095,Lineechka_15cm,False,2,USP-S,9206,20,0,0.0,1
76561198971899095,Lineechka_15cm,False,3,M4A1-S,7957,53,0,0.0,1
76561198971899095,Lineechka_15cm,False,4,MP9,7282,48,3,6.25,1
76561198971899095,Lineechka_15cm,False,5,knife_t,6849,3,0,0.0,1
76561198971899095,Lineechka_15cm,False,6,AWP,6642,11,5,45.45,1
76561198971899095,Lineechka_15cm,False,7,MAC-10,6395,82,11,13.41,1
76561198971899095,Lineechka_15cm,False,8,AK-47,4706,60,5,8.33,1
76561198971899095,Lineechka_15cm,False,9,R8 Revolver,3361,15,0,0.0,1
76561198971899095,Lineechka_15cm,False,10,Smoke Grenade,2265,4,0,0.0,1
76561198971899095,Lineechka_15cm,False,11,Flashbang,2043,5,0,0.0,1
76561198971899095,Lineechka_15cm,False,12,High Explosive Grenade,1934,6,3,50.0,1
76561198971899095,Lineechka_15cm,False,13,C4 Explosive,1564,0,0,0.0,1
76561198971899095,Lineechka_15cm,False,14,Glock-18,1465,0,0,0.0,1
76561198971899095,Lineechka_15cm,False,15,XM1014,834,3,4,133.33,1
76561198971899095,Lineechka_15cm,False,16,Incendiary Grenade,733,1,3,300.0,1
76561198971899095,Lineechka_15cm,False,17,Tec-9,664,12,2,16.67,1
76561198971899095,Lineechka_15cm,False,18,MP7,563,2,1,50.0,1
76561198971899095,Lineechka_15cm,False,19,Zeus x27,156,0,0,0.0,1
76561198989761160,Sma,False,1,knife,19589,43,3,6.98,1
76561198989761160,Sma,False,2,M4A1-S,15597,77,0,0.0,1
76561198989761160,Sma,False,3,Glock-18,11067,27,2,7.41,1
76561198989761160,Sma,False,4,AK-47,7496,43,6,13.95,1
76561198989761160,Sma,False,5,knife_t,7091,34,0,0.0,1
76561198989761160,Sma,False,6,USP-S,3801,5,0,0.0,1
76561198989761160,Sma,False,7,Desert Eagle,2016,10,1,10.0,1
76561198989761160,Sma,False,8,AWP,1643,1,0,0.0,1
76561198989761160,Sma,False,9,Flashbang,1632,11,0,0.0,1
76561198989761160,Sma,False,10,C4 Explosive,1189,0,0,0.0,1
76561198989761160,Sma,False,11,Galil AR,843,32,6,18.75,1
76561198989761160,Sma,False,12,Smoke Grenade,212,1,0,0.0,1
76561198989761160,Sma,False,13,Incendiary Grenade,173,1,0,0.0,1
76561198989761160,Sma,False,14,High Explosive Grenade,33,0,0,0.0,1
76561198989761160,Sma,False,15,MAC-10,12,0,0,0.0,1
76561198994986200,..............,False,1,knife_t,22143,34,0,0.0,1
76561198994986200,..............,False,2,knife,20275,12,0,0.0,1
76561198994986200,..............,False,3,USP-S,15144,2,0,0.0,1
76561198994986200,..............,False,4,M4A1-S,9382,64,0,0.0,1
76561198994986200,..............,False,5,M4A4,8662,78,30,38.46,1
76561198994986200,..............,False,6,AWP,7647,9,1,11.11,1
76561198994986200,..............,False,7,AK-47,5280,42,3,7.14,1
76561198994986200,..............,False,8,Glock-18,4147,0,0,0.0,1
76561198994986200,..............,False,9,Desert Eagle,3129,2,2,100.0,1
76561198994986200,..............,False,10,MP7,2646,39,12,30.77,1
76561198994986200,..............,False,11,Galil AR,2621,48,3,6.25,1
76561198994986200,..............,False,12,Smoke Grenade,2474,8,0,0.0,1
76561198994986200,..............,False,13,High Explosive Grenade,2112,10,4,40.0,1
76561198994986200,..............,False,14,SSG 08,2001,2,1,50.0,1
76561198994986200,..............,False,15,Flashbang,1968,13,0,0.0,1
76561198994986200,..............,False,16,Incendiary Grenade,1366,7,21,300.0,1
76561198994986200,..............,False,17,C4 Explosive,737,0,0,0.0,1
76561198994986200,..............,False,18,P250,661,7,0,0.0,1
76561198994986200,..............,False,19,Molotov,496,4,0,0.0,1
76561199057076966,‚òÖùï∏Õ¢Õ¢Õ¢ùïΩ.‚¶áùî¨ùîÄ1e,False,1,Glock-18,19068,8,1,12.5,1
76561199057076966,‚òÖùï∏Õ¢Õ¢Õ¢ùïΩ.‚¶áùî¨ùîÄ1e,False,2,AK-47,4220,13,2,15.38,1
76561199057076966,‚òÖùï∏Õ¢Õ¢Õ¢ùïΩ.‚¶áùî¨ùîÄ1e,False,3,C4 Explosive,2903,0,0,0.0,1
76561199057076966,‚òÖùï∏Õ¢Õ¢Õ¢ùïΩ.‚¶áùî¨ùîÄ1e,False,4,knife_t,1071,8,0,0.0,1
76561199057076966,‚òÖùï∏Õ¢Õ¢Õ¢ùïΩ.‚¶áùî¨ùîÄ1e,False,5,Smoke Grenade,104,1,0,0.0,1
76561199072907894,Az1k_,False,1,M4A1-S,10040,24,0,0.0,1
76561199072907894,Az1k_,False,2,knife,9226,8,0,0.0,1
76561199072907894,Az1k_,False,3,Desert Eagle,8652,23,2,8.7,1
76561199072907894,Az1k_,False,4,Smoke Grenade,7425,9,0,0.0,1
76561199072907894,Az1k_,False,5,AK-47,6360,53,10,18.87,1
76561199072907894,Az1k_,False,6,USP-S,5267,8,0,0.0,1
76561199072907894,Az1k_,False,7,Glock-18,4067,16,2,12.5,1
76561199072907894,Az1k_,False,8,knife_t,3435,3,0,0.0,1
76561199072907894,Az1k_,False,9,Galil AR,2964,14,3,21.43,1
76561199072907894,Az1k_,False,10,Flashbang,2576,11,0,0.0,1
76561199072907894,Az1k_,False,11,SSG 08,1795,1,1,100.0,1
76561199072907894,Az1k_,False,12,C4 Explosive,1503,0,0,0.0,1
76561199072907894,Az1k_,False,13,High Explosive Grenade,1480,4,1,25.0,1
76561199072907894,Az1k_,False,14,AWP,1205,0,0,0.0,1
76561199072907894,Az1k_,False,15,Incendiary Grenade,982,5,1,20.0,1
76561199072907894,Az1k_,False,16,Nova,604,1,3,300.0,1
76561199072907894,Az1k_,False,17,MAC-10,557,6,1,16.67,1
76561199072907894,Az1k_,False,18,XM1014,547,0,0,0.0,1
76561199072907894,Az1k_,False,19,MAG-7,535,2,1,50.0,1
76561199072907894,Az1k_,False,20,Molotov,106,1,0,0.0,1
76561199164825362,adwess skins.army,False,1,USP-S,13143,12,0,0.0,1
76561199164825362,adwess skins.army,False,2,Glock-18,11947,13,6,46.15,1
76561199164825362,adwess skins.army,False,3,AK-47,11140,46,8,17.39,1
76561199164825362,adwess skins.army,False,4,Desert Eagle,10839,18,6,33.33,1
76561199164825362,adwess skins.army,False,5,SSG 08,8749,17,3,17.65,1
76561199164825362,adwess skins.army,False,6,knife,8113,2,0,0.0,1
76561199164825362,adwess skins.army,False,7,AWP,6723,8,1,12.5,1
76561199164825362,adwess skins.army,False,8,knife_t,5638,2,0,0.0,1
76561199164825362,adwess skins.army,False,9,M4A1-S,2915,26,0,0.0,1
76561199164825362,adwess skins.army,False,10,C4 Explosive,2597,0,0,0.0,1
76561199164825362,adwess skins.army,False,11,Flashbang,2183,8,0,0.0,1
76561199164825362,adwess skins.army,False,12,P250,1489,1,0,0.0,1
76561199164825362,adwess skins.army,False,13,Smoke Grenade,1230,6,0,0.0,1
76561199164825362,adwess skins.army,False,14,Five-SeveN,978,5,1,20.0,1
76561199164825362,adwess skins.army,False,15,High Explosive Grenade,519,2,4,200.0,1
76561199164825362,adwess skins.army,False,16,Molotov,381,1,0,0.0,1
76561199164825362,adwess skins.army,False,17,Zeus x27,174,0,0,0.0,1
76561199241574499,IlIshh_musikoff,False,1,SSG 08,6042,1,0,0.0,1
76561199241574499,IlIshh_musikoff,False,2,MAC-10,5070,98,17,17.35,1
76561199241574499,IlIshh_musikoff,False,3,Flashbang,5020,9,1,11.11,1
76561199241574499,IlIshh_musikoff,False,4,MP9,4736,107,9,8.41,1
76561199241574499,IlIshh_musikoff,False,5,USP-S,3554,6,0,0.0,1
76561199241574499,IlIshh_musikoff,False,6,Glock-18,2222,0,0,0.0,1
76561199241574499,IlIshh_musikoff,False,7,knife_t,2133,1,0,0.0,1
76561199241574499,IlIshh_musikoff,False,8,Galil AR,2036,0,0,0.0,1
76561199241574499,IlIshh_musikoff,False,9,FAMAS,1791,20,4,20.0,1
76561199241574499,IlIshh_musikoff,False,10,High Explosive Grenade,1212,5,3,60.0,1
76561199241574499,IlIshh_musikoff,False,11,Dual Berettas,1162,6,1,16.67,1
76561199241574499,IlIshh_musikoff,False,12,knife,1000,2,0,0.0,1
76561199241574499,IlIshh_musikoff,False,13,C4 Explosive,899,0,0,0.0,1
76561199241574499,IlIshh_musikoff,False,14,AK-47,564,0,0,0.0,1
76561199241574499,IlIshh_musikoff,False,15,Decoy Grenade,378,1,0,0.0,1
76561199381842313,onion,False,1,knife,37400,40,0,0.0,1
76561199381842313,onion,False,2,knife_t,14806,20,0,0.0,1
76561199381842313,onion,False,3,Glock-18,12861,14,4,28.57,1
76561199381842313,onion,False,4,SSG 08,12781,24,4,16.67,1
76561199381842313,onion,False,5,Desert Eagle,10716,30,3,10.0,1
76561199381842313,onion,False,6,AK-47,10320,26,4,15.38,1
76561199381842313,onion,False,7,USP-S,9754,35,0,0.0,1
76561199381842313,onion,False,8,AWP,7314,13,3,23.08,1
76561199381842313,onion,False,9,C4 Explosive,994,0,0,0.0,1
76561199381842313,onion,False,10,M4A1-S,945,2,0,0.0,1
76561199381842313,onion,False,11,Smoke Grenade,944,3,0,0.0,1
76561199381842313,onion,False,12,High Explosive Grenade,835,4,2,50.0,1
76561199381842313,onion,False,13,Zeus x27,698,1,0,0.0,1
76561199381842313,onion,False,14,Flashbang,319,2,0,0.0,1
76561199381842313,onion,False,15,Molotov,279,2,0,0.0,1
76561199381842313,onion,False,16,Galil AR,9,0,0,0.0,1
76561199473411644,"–¥–∞–≤–∞–π, —Ä–∞–∑–¥–µ–≤–∞–π—Å—è",False,1,Desert Eagle,5634,11,0,0.0,1
76561199473411644,"–¥–∞–≤–∞–π, —Ä–∞–∑–¥–µ–≤–∞–π—Å—è",False,2,knife,5312,8,0,0.0,1
76561199473411644,"–¥–∞–≤–∞–π, —Ä–∞–∑–¥–µ–≤–∞–π—Å—è",False,3,USP-S,4050,18,0,0.0,1
76561199473411644,"–¥–∞–≤–∞–π, —Ä–∞–∑–¥–µ–≤–∞–π—Å—è",False,4,M4A1-S,3907,72,0,0.0,1
76561199473411644,"–¥–∞–≤–∞–π, —Ä–∞–∑–¥–µ–≤–∞–π—Å—è",False,5,knife_t,2135,7,0,0.0,1
76561199473411644,"–¥–∞–≤–∞–π, —Ä–∞–∑–¥–µ–≤–∞–π—Å—è",False,6,AK-47,1125,9,1,11.11,1
76561199473411644,"–¥–∞–≤–∞–π, —Ä–∞–∑–¥–µ–≤–∞–π—Å—è",False,7,Glock-18,952,4,0,0.0,1
76561199473411644,"–¥–∞–≤–∞–π, —Ä–∞–∑–¥–µ–≤–∞–π—Å—è",False,8,High Explosive Grenade,633,3,2,66.67,1
76561199473411644,"–¥–∞–≤–∞–π, —Ä–∞–∑–¥–µ–≤–∞–π—Å—è",False,9,C4 Explosive,566,0,0,0.0,1
76561199473411644,"–¥–∞–≤–∞–π, —Ä–∞–∑–¥–µ–≤–∞–π—Å—è",False,10,Incendiary Grenade,114,0,0,0.0,1
76561199473411644,"–¥–∞–≤–∞–π, —Ä–∞–∑–¥–µ–≤–∞–π—Å—è",False,11,XM1014,35,0,0,0.0,1
76561199476784615,Dawnteks,False,1,knife,12245,19,0,0.0,1
76561199476784615,Dawnteks,False,2,USP-S,8056,21,0,0.0,1
76561199476784615,Dawnteks,False,3,SSG 08,5898,9,4,44.44,1
76561199476784615,Dawnteks,False,4,M4A1-S,4926,45,0,0.0,1
76561199476784615,Dawnteks,False,5,Glock-18,4683,19,0,0.0,1
76561199476784615,Dawnteks,False,6,knife_t,4052,10,0,0.0,1
76561199476784615,Dawnteks,False,7,AWP,1791,4,2,50.0,1
76561199476784615,Dawnteks,False,8,P90,1603,25,5,20.0,1
76561199476784615,Dawnteks,False,9,MAC-10,1588,70,8,11.43,1
76561199476784615,Dawnteks,False,10,FAMAS,1328,5,0,0.0,1
76561199476784615,Dawnteks,False,11,Flashbang,1214,9,0,0.0,1
76561199476784615,Dawnteks,False,12,Desert Eagle,973,1,1,100.0,1
76561199476784615,Dawnteks,False,13,Smoke Grenade,473,2,0,0.0,1
76561199476784615,Dawnteks,False,14,AK-47,280,0,0,0.0,1
76561199476784615,Dawnteks,False,15,Incendiary Grenade,267,1,0,0.0,1
76561199476784615,Dawnteks,False,16,Molotov,123,0,0,0.0,1
76561199476784615,Dawnteks,False,17,High Explosive Grenade,62,0,0,0.0,1
76561199476784615,Dawnteks,False,18,C4 Explosive,51,0,0,0.0,1
76561199476784615,Dawnteks,False,19,Five-SeveN,16,0,0,0.0,1
76561199488783907,–∫–∏—Ä—é—Ö–∞ –±–∞–∫—Å—ã,False,1,AK-47,11229,25,6,24.0,1
76561199488783907,–∫–∏—Ä—é—Ö–∞ –±–∞–∫—Å—ã,False,2,knife_t,6400,11,0,0.0,1
76561199488783907,–∫–∏—Ä—é—Ö–∞ –±–∞–∫—Å—ã,False,3,USP-S,3972,8,0,0.0,1
76561199488783907,–∫–∏—Ä—é—Ö–∞ –±–∞–∫—Å—ã,False,4,Desert Eagle,3548,6,3,50.0,1
76561199488783907,–∫–∏—Ä—é—Ö–∞ –±–∞–∫—Å—ã,False,5,C4 Explosive,1800,0,0,0.0,1
76561199488783907,–∫–∏—Ä—é—Ö–∞ –±–∞–∫—Å—ã,False,6,knife,1526,7,0,0.0,1
76561199488783907,–∫–∏—Ä—é—Ö–∞ –±–∞–∫—Å—ã,False,7,MP9,1489,7,1,14.29,1
76561199488783907,–∫–∏—Ä—é—Ö–∞ –±–∞–∫—Å—ã,False,8,Glock-18,761,0,0,0.0,1
76561199488783907,–∫–∏—Ä—é—Ö–∞ –±–∞–∫—Å—ã,False,9,Smoke Grenade,747,3,0,0.0,1
76561199488783907,–∫–∏—Ä—é—Ö–∞ –±–∞–∫—Å—ã,False,10,Tec-9,625,8,0,0.0,1
76561199488783907,–∫–∏—Ä—é—Ö–∞ –±–∞–∫—Å—ã,False,11,High Explosive Grenade,526,4,2,50.0,1
76561199488783907,–∫–∏—Ä—é—Ö–∞ –±–∞–∫—Å—ã,False,12,Molotov,283,2,0,0.0,1
76561199488783907,–∫–∏—Ä—é—Ö–∞ –±–∞–∫—Å—ã,False,13,Nova,198,0,0,0.0,1
76561199488783907,–∫–∏—Ä—é—Ö–∞ –±–∞–∫—Å—ã,False,14,Flashbang,157,1,0,0.0,1
76561199488783907,–∫–∏—Ä—é—Ö–∞ –±–∞–∫—Å—ã,False,15,MAC-10,121,0,0,0.0,1
76561199553203643,ÊÑõ„Åó„Å¶„ÅÑ„Çã,False,1,SSG 08,35912,57,20,35.09,1
76561199553203643,ÊÑõ„Åó„Å¶„ÅÑ„Çã,False,2,knife_t,13635,33,0,0.0,1
76561199553203643,ÊÑõ„Åó„Å¶„ÅÑ„Çã,False,3,P250,13536,48,6,12.5,1
76561199553203643,ÊÑõ„Åó„Å¶„ÅÑ„Çã,False,4,knife,11533,51,0,0.0,1
76561199553203643,ÊÑõ„Åó„Å¶„ÅÑ„Çã,False,5,USP-S,6304,20,0,0.0,1
76561199553203643,ÊÑõ„Åó„Å¶„ÅÑ„Çã,False,6,AWP,4538,10,4,40.0,1
76561199553203643,ÊÑõ„Åó„Å¶„ÅÑ„Çã,False,7,Desert Eagle,4179,11,6,54.55,1
76561199553203643,ÊÑõ„Åó„Å¶„ÅÑ„Çã,False,8,Glock-18,4032,0,0,0.0,1
76561199553203643,ÊÑõ„Åó„Å¶„ÅÑ„Çã,False,9,AK-47,3584,21,5,23.81,1
76561199553203643,ÊÑõ„Åó„Å¶„ÅÑ„Çã,False,10,R8 Revolver,2901,6,0,0.0,1
76561199553203643,ÊÑõ„Åó„Å¶„ÅÑ„Çã,False,11,High Explosive Grenade,2679,7,6,85.71,1
76561199553203643,ÊÑõ„Åó„Å¶„ÅÑ„Çã,False,12,Tec-9,2246,17,7,41.18,1
76561199553203643,ÊÑõ„Åó„Å¶„ÅÑ„Çã,False,13,Galil AR,2001,10,1,10.0,1
76561199553203643,ÊÑõ„Åó„Å¶„ÅÑ„Çã,False,14,Flashbang,1679,7,0,0.0,1
76561199553203643,ÊÑõ„Åó„Å¶„ÅÑ„Çã,False,15,Smoke Grenade,1553,9,1,11.11,1
76561199553203643,ÊÑõ„Åó„Å¶„ÅÑ„Çã,False,16,C4 Explosive,956,0,0,0.0,1
76561199553203643,ÊÑõ„Åó„Å¶„ÅÑ„Çã,False,17,Molotov,249,2,0,0.0,1
76561199553203643,ÊÑõ„Åó„Å¶„ÅÑ„Çã,False,18,Zeus x27,5,0,0,0.0,1
76561199562957011,ya≈ülandƒ±m,False,1,AK-47,14097,47,20,42.55,1
76561199562957011,ya≈ülandƒ±m,False,2,knife_t,8612,4,0,0.0,1
76561199562957011,ya≈ülandƒ±m,False,3,M4A1-S,7911,58,0,0.0,1
76561199562957011,ya≈ülandƒ±m,False,4,Glock-18,7131,6,5,83.33,1
76561199562957011,ya≈ülandƒ±m,False,5,AWP,5583,8,5,62.5,1
76561199562957011,ya≈ülandƒ±m,False,6,knife,3373,1,0,0.0,1
76561199562957011,ya≈ülandƒ±m,False,7,USP-S,2752,3,0,0.0,1
76561199562957011,ya≈ülandƒ±m,False,8,Flashbang,1283,4,0,0.0,1
76561199562957011,ya≈ülandƒ±m,False,9,C4 Explosive,1277,0,0,0.0,1
76561199562957011,ya≈ülandƒ±m,False,10,Tec-9,1154,15,4,26.67,1
76561199562957011,ya≈ülandƒ±m,False,11,XM1014,1007,5,9,180.0,1
76561199562957011,ya≈ülandƒ±m,False,12,SSG 08,922,3,3,100.0,1
76561199562957011,ya≈ülandƒ±m,False,13,Smoke Grenade,162,0,0,0.0,1
76561199562957011,ya≈ülandƒ±m,False,14,High Explosive Grenade,19,0,0,0.0,1
76561199803031602,—á–µ—Ä–Ω—ã–π –±—É–º–µ—Ä,False,1,M4A1-S,20984,289,0,0.0,1
76561199803031602,—á–µ—Ä–Ω—ã–π –±—É–º–µ—Ä,False,2,USP-S,16444,23,0,0.0,1
76561199803031602,—á–µ—Ä–Ω—ã–π –±—É–º–µ—Ä,False,3,knife,16036,103,0,0.0,1
76561199803031602,—á–µ—Ä–Ω—ã–π –±—É–º–µ—Ä,False,4,knife_t,13297,62,0,0.0,1
76561199803031602,—á–µ—Ä–Ω—ã–π –±—É–º–µ—Ä,False,5,Glock-18,10357,3,1,33.33,1
76561199803031602,—á–µ—Ä–Ω—ã–π –±—É–º–µ—Ä,False,6,SSG 08,7148,22,6,27.27,1
76561199803031602,—á–µ—Ä–Ω—ã–π –±—É–º–µ—Ä,False,7,AK-47,4196,42,10,23.81,1
76561199803031602,—á–µ—Ä–Ω—ã–π –±—É–º–µ—Ä,False,8,Desert Eagle,3326,6,0,0.0,1
76561199803031602,—á–µ—Ä–Ω—ã–π –±—É–º–µ—Ä,False,9,High Explosive Grenade,1678,5,0,0.0,1
76561199803031602,—á–µ—Ä–Ω—ã–π –±—É–º–µ—Ä,False,10,C4 Explosive,1556,0,0,0.0,1
76561199803031602,—á–µ—Ä–Ω—ã–π –±—É–º–µ—Ä,False,11,AWP,1134,0,0,0.0,1
76561199803031602,—á–µ—Ä–Ω—ã–π –±—É–º–µ—Ä,False,12,Incendiary Grenade,1012,4,11,275.0,1
76561199803031602,—á–µ—Ä–Ω—ã–π –±—É–º–µ—Ä,False,13,Molotov,349,2,0,0.0,1
76561199803031602,—á–µ—Ä–Ω—ã–π –±—É–º–µ—Ä,False,14,Flashbang,274,2,0,0.0,1
76561199803031602,—á–µ—Ä–Ω—ã–π –±—É–º–µ—Ä,False,15,Decoy Grenade,80,1,0,0.0,1
76561199803031602,—á–µ—Ä–Ω—ã–π –±—É–º–µ—Ä,False,16,SG 553,75,0,0,0.0,1
76561199809921268,broo,False,1,AWP,26768,27,16,59.26,1
76561199809921268,broo,False,2,M4A1-S,22527,96,0,0.0,1
76561199809921268,broo,False,3,knife_t,18512,125,0,0.0,1
76561199809921268,broo,False,4,USP-S,17997,8,0,0.0,1
76561199809921268,broo,False,5,AK-47,14548,82,15,18.29,1
76561199809921268,broo,False,6,knife,11112,8,0,0.0,1
76561199809921268,broo,False,7,Glock-18,9471,34,6,17.65,1
76561199809921268,broo,False,8,C4 Explosive,2888,0,0,0.0,1
76561199809921268,broo,False,9,High Explosive Grenade,1899,8,5,62.5,1
76561199809921268,broo,False,10,Flashbang,1203,6,0,0.0,1
76561199809921268,broo,False,11,Incendiary Grenade,668,3,0,0.0,1
76561199809921268,broo,False,12,Smoke Grenade,520,2,0,0.0,1
76561199809921268,broo,False,13,SSG 08,159,0,0,0.0,1
76561199809921268,broo,False,14,Molotov,78,0,0,0.0,1
76561199830973771,Lund12345,False,1,knife_t,11377,1,0,0.0,1
76561199830973771,Lund12345,False,2,AWP,10900,15,2,13.33,1
76561199830973771,Lund12345,False,3,AK-47,7683,86,21,24.42,1
76561199830973771,Lund12345,False,4,Glock-18,7016,42,14,33.33,1
76561199830973771,Lund12345,False,5,USP-S,5015,1,0,0.0,1
76561199830973771,Lund12345,False,6,Desert Eagle,4991,12,4,33.33,1
76561199830973771,Lund12345,False,7,knife,4546,1,0,0.0,1
76561199830973771,Lund12345,False,8,M4A1-S,4202,24,0,0.0,1
76561199830973771,Lund12345,False,9,C4 Explosive,2747,0,0,0.0,1
76561199830973771,Lund12345,False,10,High Explosive Grenade,1850,5,5,100.0,1
76561199830973771,Lund12345,False,11,Smoke Grenade,1084,5,0,0.0,1
76561199830973771,Lund12345,False,12,Flashbang,811,4,0,0.0,1
76561199830973771,Lund12345,False,13,Five-SeveN,720,3,0,0.0,1
76561199830973771,Lund12345,False,14,Molotov,401,3,1,33.33,1
76561199830973771,Lund12345,False,15,SSG 08,168,0,0,0.0,1
76561199836141868,skolz,False,1,AK-47,25701,126,19,15.08,1
76561199836141868,skolz,False,2,knife_t,12628,5,0,0.0,1
76561199836141868,skolz,False,3,XM1014,4784,2,4,200.0,1
76561199836141868,skolz,False,4,USP-S,4010,24,0,0.0,1
76561199836141868,skolz,False,5,knife,2966,3,0,0.0,1
76561199836141868,skolz,False,6,High Explosive Grenade,2347,6,2,33.33,1
76561199836141868,skolz,False,7,Flashbang,1779,7,0,0.0,1
76561199836141868,skolz,False,8,Glock-18,1678,0,0,0.0,1
76561199836141868,skolz,False,9,Molotov,1542,3,0,0.0,1
76561199836141868,skolz,False,10,AWP,1283,1,1,100.0,1
76561199836141868,skolz,False,11,Desert Eagle,1235,3,0,0.0,1
76561199836141868,skolz,False,12,M4A1-S,1129,12,0,0.0,1
76561199836141868,skolz,False,13,Smoke Grenade,1083,2,0,0.0,1
76561199836141868,skolz,False,14,C4 Explosive,639,0,0,0.0,1
76561199836141868,skolz,False,15,P250,380,0,0,0.0,1
76561199836141868,skolz,False,16,Incendiary Grenade,363,1,7,700.0,1
